confronto,alias,n_usuarios,total_comentarios,media,mediana,p90,p99,max,pct_1msg
fla_x_flu,fla_x_flu_tupi,20247,125264,6.186793105151381,2.0,10.0,80.54000000000087,2726,48.55534153207883
fla_x_flu,TOTAL,20247,125264,6.186793105151381,2.0,10.0,80.54000000000087,2726,48.55534153207883
